{"cameraMode":{"drawMode":0,"name":"Shaded","section":"Shading Mode"},"sceneLighting":true,"audioPlay":false,"sceneViewState":{"showFog":true,"showMaterialUpdate":false,"showSkybox":true,"showFlares":true,"showImageEffects":true,"showParticleSystems":true},"in2DMode":false,"pivot":{"x":-0.7972887754440308,"y":-2.0927858352661135,"z":4.508817672729492},"rotation":{"x":-0.19512708485126496,"y":0.1354488581418991,"z":-0.027216501533985139,"w":-0.9710157513618469},"size":2.4797534942626955,"orthographic":false}